{"v":"5.5.8","fr":25,"ip":0,"op":90,"w":400,"h":400,"nm":"Link","ddd":0,"assets":[],"layers":[{"ddd":0,"ind":1,"ty":4,"nm":".break","cl":"break","parent":2,"sr":1,"ks":{"o":{"a":0,"k":100,"ix":11},"r":{"a":0,"k":0,"ix":10},"p":{"a":0,"k":[0,0,0],"ix":2},"a":{"a":0,"k":[0,0,0],"ix":1},"s":{"a":0,"k":[100,100,100],"ix":6}},"ao":0,"shapes":[{"ty":"gr","it":[{"ind":0,"ty":"sh","ix":1,"ks":{"a":0,"k":{"i":[[0,0],[0,0]],"o":[[0,0],[0,0]],"v":[[70.507,-29.503],[123.5,-71.997]],"c":false},"ix":2},"nm":"TracÃÂ© 1","mn":"ADBE Vector Shape - Group","hd":false},{"ind":1,"ty":"sh","ix":2,"ks":{"a":0,"k":{"i":[[0,0],[0,0]],"o":[[0,0],[0,0]],"v":[[78.5,0],[157,0]],"c":false},"ix":2},"nm":"TracÃÂ© 2","mn":"ADBE Vector Shape - Group","hd":false},{"ind":2,"ty":"sh","ix":3,"ks":{"a":0,"k":{"i":[[0,0],[0,0]],"o":[[0,0],[0,0]],"v":[[70.507,31],[123.5,73.5]],"c":false},"ix":2},"nm":"TracÃÂ© 3","mn":"ADBE Vector Shape - Group","hd":false},{"ty":"tr","p":{"a":0,"k":[0,0],"ix":2},"a":{"a":0,"k":[0,0],"ix":1},"s":{"a":0,"k":[100,100],"ix":3},"r":{"a":0,"k":180,"ix":6},"o":{"a":0,"k":100,"ix":7},"sk":{"a":0,"k":0,"ix":4},"sa":{"a":0,"k":0,"ix":5},"nm":"Transformer "}],"nm":"Forme 2","np":3,"cix":2,"bm":0,"ix":1,"mn":"ADBE Vector Group","hd":false},{"ty":"gr","it":[{"ind":0,"ty":"sh","ix":1,"ks":{"a":0,"k":{"i":[[0,0],[0,0]],"o":[[0,0],[0,0]],"v":[[70.507,-29.503],[123.5,-71.997]],"c":false},"ix":2},"nm":"TracÃÂ© 1","mn":"ADBE Vector Shape - Group","hd":false},{"ind":1,"ty":"sh","ix":2,"ks":{"a":0,"k":{"i":[[0,0],[0,0]],"o":[[0,0],[0,0]],"v":[[78.5,0],[157,0]],"c":false},"ix":2},"nm":"TracÃÂ© 2","mn":"ADBE Vector Shape - Group","hd":false},{"ind":2,"ty":"sh","ix":3,"ks":{"a":0,"k":{"i":[[0,0],[0,0]],"o":[[0,0],[0,0]],"v":[[70.507,31],[123.5,73.5]],"c":false},"ix":2},"nm":"TracÃÂ© 3","mn":"ADBE Vector Shape - Group","hd":false},{"ty":"tr","p":{"a":0,"k":[0,0],"ix":2},"a":{"a":0,"k":[0,0],"ix":1},"s":{"a":0,"k":[100,100],"ix":3},"r":{"a":0,"k":0,"ix":6},"o":{"a":0,"k":100,"ix":7},"sk":{"a":0,"k":0,"ix":4},"sa":{"a":0,"k":0,"ix":5},"nm":"Transformer "}],"nm":"Forme 1","np":3,"cix":2,"bm":0,"ix":2,"mn":"ADBE Vector Group","hd":false},{"ty":"st","c":{"a":0,"k":[0.0314,0.3412,0.6275,1],"ix":3},"o":{"a":0,"k":100,"ix":4},"w":{"a":1,"k":[{"i":{"x":[0.667],"y":[1]},"o":{"x":[0.333],"y":[0]},"t":13,"s":[0]},{"i":{"x":[0.667],"y":[1]},"o":{"x":[0.333],"y":[0]},"t":18,"s":[15]},{"i":{"x":[0.667],"y":[1]},"o":{"x":[0.333],"y":[0]},"t":30,"s":[15]},{"t":38,"s":[0]}],"ix":5},"lc":2,"lj":1,"ml":4,"bm":0,"nm":"Contour 1","mn":"ADBE Vector Graphic - Stroke","hd":false},{"ty":"tm","s":{"a":1,"k":[{"i":{"x":[0],"y":[1]},"o":{"x":[0],"y":[0]},"t":16,"s":[0]},{"t":40,"s":[100]}],"ix":1},"e":{"a":1,"k":[{"i":{"x":[0],"y":[1]},"o":{"x":[0],"y":[0]},"t":13,"s":[0]},{"t":40,"s":[100]}],"ix":2},"o":{"a":0,"k":0,"ix":3},"m":1,"ix":4,"nm":"RÃÂ©duire les tracÃÂ©s 1","mn":"ADBE Vector Filter - Trim","hd":false}],"ip":0,"op":90,"st":0,"bm":0},{"ddd":0,"ind":2,"ty":4,"nm":".chain","cl":"chain","sr":1,"ks":{"o":{"a":0,"k":100,"ix":11},"r":{"a":0,"k":45,"ix":10},"p":{"a":0,"k":[200,200,0],"ix":2},"a":{"a":0,"k":[0,0,0],"ix":1},"s":{"a":0,"k":[100,100,100],"ix":6}},"ao":0,"shapes":[{"ty":"gr","it":[{"ind":0,"ty":"sh","ix":1,"ks":{"a":0,"k":{"i":[[0,14.007],[0,0],[-22.091,0],[0,-22.091],[0,0],[18.502,-3.514]],"o":[[0,0],[0,-22.091],[22.091,0],[0,0],[0,19.525],[-2.432,0.462]],"v":[[-40,19.25],[-40,-35],[0,-75],[40,-35],[40,35],[7.509,74.296]],"c":false},"ix":2},"nm":"TracÃÂ© 1","mn":"ADBE Vector Shape - Group","hd":false},{"ty":"st","c":{"a":0,"k":[0,0,0,1],"ix":3},"o":{"a":0,"k":100,"ix":4},"w":{"a":0,"k":15,"ix":5},"lc":2,"lj":1,"ml":4,"bm":0,"nm":"Contour 1","mn":"ADBE Vector Graphic - Stroke","hd":false},{"ty":"tr","p":{"a":1,"k":[{"i":{"x":0.104,"y":1},"o":{"x":0.19,"y":0},"t":11,"s":[0,-55],"to":[0,-7.5],"ti":[0,7.5]},{"i":{"x":0.104,"y":0.104},"o":{"x":0.333,"y":0.333},"t":34,"s":[0,-100],"to":[0,0],"ti":[0,0]},{"i":{"x":0.81,"y":1},"o":{"x":0.896,"y":0},"t":55,"s":[0,-100],"to":[0,7.5],"ti":[0,-7.5]},{"t":78,"s":[0,-55]}],"ix":2},"a":{"a":0,"k":[0,0],"ix":1},"s":{"a":0,"k":[100,100],"ix":3},"r":{"a":0,"k":0,"ix":6},"o":{"a":0,"k":100,"ix":7},"sk":{"a":0,"k":0,"ix":4},"sa":{"a":0,"k":0,"ix":5},"nm":"Transformer "}],"nm":".chain-top","np":2,"cix":2,"bm":0,"ix":1,"mn":"ADBE Vector Group","hd":false,"cl":"chain-top"},{"ty":"gr","it":[{"ind":0,"ty":"sh","ix":1,"ks":{"a":0,"k":{"i":[[0,-22.091],[0,0],[22.091,0],[0,22.091],[0,0],[-18.251,3.712]],"o":[[0,0],[0,22.091],[-22.091,0],[0,0],[0,-19.346],[2.589,-0.527]],"v":[[40,-20],[40,35],[0,75],[-40,35],[-40,-35],[-8.015,-74.197]],"c":false},"ix":2},"nm":"TracÃÂ© 1","mn":"ADBE Vector Shape - Group","hd":false},{"ty":"st","c":{"a":0,"k":[0,0,0,1],"ix":3},"o":{"a":0,"k":100,"ix":4},"w":{"a":0,"k":15,"ix":5},"lc":2,"lj":1,"ml":4,"bm":0,"nm":"Contour 1","mn":"ADBE Vector Graphic - Stroke","hd":false},{"ty":"tr","p":{"a":1,"k":[{"i":{"x":0.104,"y":1},"o":{"x":0.19,"y":0},"t":11,"s":[0,55],"to":[0,7.5],"ti":[0,-7.5]},{"i":{"x":0.104,"y":0.104},"o":{"x":0.333,"y":0.333},"t":34,"s":[0,100],"to":[0,0],"ti":[0,0]},{"i":{"x":0.81,"y":1},"o":{"x":0.896,"y":0},"t":55,"s":[0,100],"to":[0,-7.5],"ti":[0,7.5]},{"t":78,"s":[0,55]}],"ix":2},"a":{"a":0,"k":[0,0],"ix":1},"s":{"a":0,"k":[100,100],"ix":3},"r":{"a":0,"k":0,"ix":6},"o":{"a":0,"k":100,"ix":7},"sk":{"a":0,"k":0,"ix":4},"sa":{"a":0,"k":0,"ix":5},"nm":"Transformer "}],"nm":".chain-bottom","np":2,"cix":2,"bm":0,"ix":2,"mn":"ADBE Vector Group","hd":false,"cl":"chain-bottom"}],"ip":0,"op":90,"st":0,"bm":0}],"markers":[{"tm":11,"cm":"#start-input","dr":0},{"tm":40,"cm":"#end-input","dr":0},{"tm":55,"cm":"#start-output","dr":0},{"tm":78,"cm":"#end-output","dr":0}]}